,abs_coef,indicator
cell_count,2.911091148414983,1
original_shape2D_MinorAxisLength_std,1.979844897625908,1
original_gldm_DependenceVariance_max,1.0251330274851727,1
original_shape2D_MajorAxisLength_50%,0.9422088641662418,1
original_gldm_DependenceNonUniformityNormalized_min,0.9350272734360261,-1
original_shape2D_MajorAxisLength_95%,0.8923409671377492,-1
original_gldm_LargeDependenceHighGrayLevelEmphasis_std,0.8541343053288037,-1
original_shape2D_Perimeter_95%,0.8482940445770352,-1
original_shape2D_MaximumDiameter_95%,0.8245418067823076,-1
original_shape2D_Elongation_95%,0.8215348758727468,-1
original_gldm_DependenceNonUniformity_max,0.8125598652175972,-1
original_glcm_Imc2_max,0.8098672099741723,1
original_firstorder_Maximum_min,0.8078332756918942,-1
original_shape2D_MajorAxisLength_5%,0.784294580565231,-1
original_firstorder_Maximum_5%,0.7482665780910999,1
original_gldm_SmallDependenceLowGrayLevelEmphasis_5%,0.7434244286505566,-1
original_glcm_ClusterProminence_std,0.732649265045594,-1
original_firstorder_90Percentile_min,0.7323670510160186,-1
original_firstorder_Skewness_max,0.724104884388761,1
original_glcm_Idm_min,0.7158727779745493,-1
original_glcm_MCC_95%,0.6994638075860784,1
original_glcm_Autocorrelation_std,0.6896771003281076,-1
original_glrlm_LongRunHighGrayLevelEmphasis_5%,0.6761324163304735,1
original_shape2D_PerimeterSurfaceRatio_50%,0.668408161947539,1
original_glszm_LargeAreaHighGrayLevelEmphasis_5%,0.6604014258469049,1
original_firstorder_10Percentile_95%,0.6560126164274617,1
original_firstorder_Median_min,0.6533061652731205,1
original_shape2D_MaximumDiameter_50%,0.6496375008883644,1
original_glrlm_RunVariance_95%,0.6456025089718643,1
original_glszm_ZoneVariance_95%,0.6456025089718643,1
original_firstorder_Minimum_max,0.6431889633425687,-1
original_glcm_JointEntropy_max,0.6293497215577888,-1
original_firstorder_Range_min,0.6221076866479998,1
original_firstorder_InterquartileRange_max,0.6207709072719328,1
original_gldm_GrayLevelNonUniformity_max,0.6205842356160368,-1
original_firstorder_90Percentile_5%,0.616240720058553,1
original_glcm_DifferenceAverage_max,0.611849197689883,1
original_gldm_HighGrayLevelEmphasis_std,0.6077188615535574,-1
original_gldm_DependenceEntropy_95%,0.6069322017282701,1
original_firstorder_90Percentile_max,0.6052255319051518,1
original_shape2D_Elongation_min,0.6038780460617291,-1
original_glcm_ClusterShade_std,0.6036089614000023,-1
original_shape2D_PerimeterSurfaceRatio_min,0.6030124643913772,-1
original_shape2D_MinorAxisLength_95%,0.596002006077326,1
original_shape2D_MajorAxisLength_std,0.5907478890539768,-1
original_firstorder_TotalEnergy_50%,0.5905819339333802,-1
original_firstorder_Energy_50%,0.5905819339333802,-1
original_glcm_Id_min,0.589962494477561,-1
original_firstorder_InterquartileRange_95%,0.5886095608141488,1
original_shape2D_MeshSurface_std,0.5818666635601525,1
diagnostics_Mask-original_VoxelNum_std,0.5818451207946173,1
original_shape2D_PixelSurface_std,0.5818451207946173,1
original_firstorder_Skewness_min,0.5802343505866657,-1
original_ngtdm_Strength_50%,0.5742427470268988,1
original_firstorder_Skewness_95%,0.5665684913887733,-1
original_ngtdm_Busyness_95%,0.5655924924093991,1
original_glcm_Autocorrelation_max,0.5630665485305725,1
original_glcm_Contrast_max,0.5571332435736817,1
original_glrlm_GrayLevelNonUniformity_95%,0.5515502462840871,1
original_glszm_GrayLevelNonUniformity_95%,0.5513669368309065,1
original_glszm_LargeAreaHighGrayLevelEmphasis_mean,0.5456117912541982,-1
original_glrlm_LongRunHighGrayLevelEmphasis_mean,0.5444288848343627,-1
original_glszm_LargeAreaHighGrayLevelEmphasis_95%,0.5438699381932592,-1
original_glrlm_LongRunHighGrayLevelEmphasis_95%,0.543776659699301,-1
original_gldm_GrayLevelNonUniformity_min,0.543514168632691,-1
original_glrlm_RunEntropy_5%,0.5359699911371159,-1
original_glszm_ZoneEntropy_5%,0.5359699911371159,-1
original_firstorder_RobustMeanAbsoluteDeviation_min,0.53473149049176,-1
original_glcm_Imc1_95%,0.5295239820568721,1
original_glcm_Contrast_5%,0.520588989845675,-1
original_shape2D_Sphericity_max,0.5203486534995612,-1
original_shape2D_MaximumDiameter_max,0.5175054155929544,1
original_glcm_Imc1_50%,0.5123850373460616,-1
original_shape2D_Elongation_mean,0.5088870422163548,-1
original_glrlm_RunEntropy_std,0.5056820820488507,1
original_firstorder_10Percentile_min,0.5035616683438783,1
original_glcm_Imc1_std,0.496635522420824,-1
original_glrlm_RunEntropy_min,0.49455698961875866,-1
original_glcm_DifferenceEntropy_min,0.49126984239112353,1
original_gldm_SmallDependenceHighGrayLevelEmphasis_std,0.4875467932104742,-1
original_glszm_ZoneEntropy_std,0.481471251159559,1
original_gldm_LowGrayLevelEmphasis_95%,0.4813359777368434,1
original_glszm_LargeAreaLowGrayLevelEmphasis_max,0.4788345425564632,1
original_glrlm_LongRunLowGrayLevelEmphasis_max,0.4788345425564632,1
diagnostics_Image-original_Mean_max,0.4775186541258145,-1
diagnostics_Image-original_Mean_50%,0.4775186541258145,-1
diagnostics_Image-original_Mean_min,0.4775186541258145,-1
diagnostics_Image-original_Mean_5%,0.4775186541258131,-1
diagnostics_Image-original_Mean_mean,0.4775186541258067,-1
diagnostics_Image-original_Mean_95%,0.47751865412580535,-1
original_firstorder_Kurtosis_mean,0.47594893913977543,-1
original_gldm_DependenceEntropy_min,0.47073128343328197,1
original_ngtdm_Busyness_mean,0.4688293949901051,1
original_ngtdm_Complexity_50%,0.4669985216040254,1
original_shape2D_MeshSurface_mean,0.4632787740070887,1
diagnostics_Mask-original_VoxelNum_mean,0.46306720472397894,1
original_shape2D_PixelSurface_mean,0.46306720472397894,1
original_glcm_SumEntropy_min,0.45869498510057494,-1
original_shape2D_MaximumDiameter_5%,0.4562716767015318,-1
original_glrlm_GrayLevelNonUniformity_min,0.45322271158249444,1
original_ngtdm_Strength_95%,0.45299021759989927,-1
original_glszm_GrayLevelNonUniformity_min,0.45183558914843935,1
original_firstorder_TotalEnergy_5%,0.44831482278456847,1
original_firstorder_Energy_5%,0.44831482278456847,1
original_glrlm_RunVariance_mean,0.4471583728416278,1
original_glszm_ZoneVariance_mean,0.4471583728416278,1
original_shape2D_Perimeter_5%,0.44552845459313506,-1
original_glszm_GrayLevelNonUniformity_std,0.4435111638553113,1
original_glrlm_GrayLevelNonUniformity_std,0.4426069281969947,1
original_shape2D_PerimeterSurfaceRatio_5%,0.4407464572964488,-1
original_shape2D_MaximumDiameter_std,0.4403138351705403,-1
original_firstorder_Kurtosis_max,0.43886918691681887,-1
original_glcm_JointEnergy_95%,0.438388217526013,-1
original_glszm_HighGrayLevelZoneEmphasis_min,0.4379163246716942,-1
original_glrlm_HighGrayLevelRunEmphasis_min,0.4379163246716925,-1
original_glcm_SumEntropy_5%,0.43773916946806596,1
original_ngtdm_Coarseness_95%,0.43745667421158774,1
original_firstorder_MeanAbsoluteDeviation_5%,0.4371322384064436,1
original_glrlm_LongRunHighGrayLevelEmphasis_50%,0.4335298148057096,1
original_glrlm_LowGrayLevelRunEmphasis_95%,0.43339971763255497,-1
original_glszm_LargeAreaEmphasis_5%,0.4332868782436031,-1
original_glszm_LargeAreaHighGrayLevelEmphasis_50%,0.43313715929248364,1
diagnostics_Mask-original_VolumeNum_std,0.43227822010577693,-1
original_glszm_LowGrayLevelZoneEmphasis_95%,0.4321637108450881,-1
original_firstorder_Uniformity_max,0.43182022621995914,-1
original_gldm_LargeDependenceEmphasis_5%,0.43100660197461155,-1
original_glrlm_LongRunLowGrayLevelEmphasis_min,0.42855466846145185,-1
original_glszm_LargeAreaLowGrayLevelEmphasis_min,0.42855466846145185,-1
original_glrlm_LongRunEmphasis_5%,0.4280069219337489,-1
original_gldm_LargeDependenceEmphasis_95%,0.4273483638105942,-1
original_firstorder_90Percentile_50%,0.42695122656014056,1
original_gldm_LargeDependenceLowGrayLevelEmphasis_95%,0.4252583180941665,1
original_glrlm_GrayLevelNonUniformity_5%,0.4236152030849264,1
original_glcm_MaximumProbability_min,0.4188802380022538,-1
original_glcm_ClusterProminence_5%,0.41641149546963774,1
original_glrlm_GrayLevelNonUniformityNormalized_5%,0.41558124505034066,-1
original_shape2D_Sphericity_min,0.4155199732255229,-1
original_glszm_GrayLevelNonUniformityNormalized_5%,0.4155003264008409,-1
original_glcm_SumAverage_max,0.4152861915350523,1
original_glcm_JointAverage_max,0.4152861915342753,1
original_shape2D_MinorAxisLength_50%,0.41345257189686513,-1
original_glrlm_ShortRunEmphasis_5%,0.4102968532270513,-1
original_glszm_SmallAreaEmphasis_5%,0.4101402275913177,-1
original_glrlm_RunEntropy_95%,0.40920189249079514,1
original_glszm_ZoneEntropy_95%,0.40920189249079514,1
diagnostics_Mask-original_VolumeNum_mean,0.4072262828855245,-1
original_glrlm_RunLengthNonUniformity_95%,0.40698823651480504,1
original_glszm_SizeZoneNonUniformity_95%,0.40668371890693344,1
original_glcm_ClusterProminence_50%,0.4039949023251734,1
original_ngtdm_Coarseness_std,0.40388968069066516,-1
original_firstorder_Range_std,0.40360639728609143,1
original_glszm_GrayLevelNonUniformity_5%,0.4025991993583503,1
original_glrlm_HighGrayLevelRunEmphasis_std,0.3994972589599906,-1
original_glszm_HighGrayLevelZoneEmphasis_std,0.39873643035204487,-1
original_firstorder_Kurtosis_std,0.3984999887336416,-1
original_gldm_HighGrayLevelEmphasis_95%,0.39833336188053226,1
original_glcm_Contrast_95%,0.39711703525039654,-1
original_shape2D_MinorAxisLength_max,0.3968283425368039,1
original_glcm_Idn_std,0.39371434267185595,-1
original_ngtdm_Strength_std,0.3919054691724322,-1
original_ngtdm_Busyness_max,0.3893466231007031,1
original_firstorder_Median_50%,0.38418941660930245,1
original_ngtdm_Strength_min,0.3820347915995951,-1
original_firstorder_Uniformity_5%,0.3814990339690812,-1
original_firstorder_Range_5%,0.3779531589939987,1
original_ngtdm_Busyness_std,0.3746251783174059,1
original_glrlm_ShortRunLowGrayLevelEmphasis_5%,0.37254890204605223,-1
original_glszm_SmallAreaLowGrayLevelEmphasis_5%,0.37233516033756636,-1
original_glrlm_RunLengthNonUniformity_max,0.36981420673786586,-1
original_glszm_SizeZoneNonUniformity_max,0.36981420673786586,-1
original_gldm_DependenceNonUniformityNormalized_max,0.369322382760387,-1
original_glcm_Imc1_min,0.3675951474779926,1
original_gldm_DependenceEntropy_max,0.3669436366639894,1
original_glcm_ClusterProminence_max,0.36478150115466584,-1
original_firstorder_RobustMeanAbsoluteDeviation_5%,0.36439047531316215,1
original_firstorder_Mean_min,0.36435532159510164,1
original_glcm_ClusterProminence_mean,0.36203161737451195,-1
original_gldm_LargeDependenceLowGrayLevelEmphasis_max,0.3597266464144522,-1
original_glcm_JointAverage_std,0.3576298330053246,-1
original_glcm_SumAverage_std,0.35762983300486845,-1
original_glcm_MaximumProbability_5%,0.35552596153755517,-1
original_glcm_JointEntropy_5%,0.3532366354921002,1
original_glcm_Idmn_std,0.35060873382886815,-1
original_glrlm_GrayLevelVariance_std,0.34981309693099893,-1
original_glszm_GrayLevelVariance_std,0.3496807533557712,-1
original_glcm_Idn_max,0.34786992049023074,1
original_shape2D_PerimeterSurfaceRatio_mean,0.34188985422037776,1
original_shape2D_Elongation_5%,0.33803335035630067,-1
original_ngtdm_Coarseness_max,0.337417141077071,-1
original_glrlm_HighGrayLevelRunEmphasis_5%,0.3360507192735343,1
original_glszm_HighGrayLevelZoneEmphasis_5%,0.3336068962428865,1
diagnostics_Image-original_Mean_std,0.3329045283309476,1
original_glcm_DifferenceVariance_max,0.33289355483702776,1
original_glcm_ClusterTendency_5%,0.3317474442486841,1
original_firstorder_MeanAbsoluteDeviation_95%,0.33149571178552745,1
original_glszm_ZonePercentage_5%,0.33031404404399206,1
original_gldm_LargeDependenceHighGrayLevelEmphasis_min,0.3300345594125523,1
original_glrlm_RunPercentage_5%,0.32991082473956246,1
original_firstorder_InterquartileRange_5%,0.3296442136926873,1
original_glszm_LowGrayLevelZoneEmphasis_min,0.3261128964384123,-1
original_glrlm_LowGrayLevelRunEmphasis_min,0.3261128964384123,-1
original_glcm_DifferenceVariance_95%,0.32592895931206306,-1
original_ngtdm_Contrast_5%,0.3224429742079571,1
original_glcm_DifferenceVariance_std,0.3195337923992513,-1
original_glszm_GrayLevelNonUniformity_max,0.3184976362607474,1
original_glrlm_GrayLevelNonUniformity_max,0.3184976362607474,1
original_firstorder_Range_95%,0.317459549287181,1
original_glcm_Imc2_5%,0.31707517775554006,-1
original_gldm_HighGrayLevelEmphasis_max,0.3169518767207816,1
original_glcm_Imc1_5%,0.31562346985266115,1
original_ngtdm_Contrast_95%,0.31198375362149255,-1
original_firstorder_10Percentile_5%,0.3105883775395804,-1
original_glcm_DifferenceVariance_min,0.31041493143041105,1
original_glcm_SumSquares_max,0.3093745504993122,-1
original_gldm_LargeDependenceHighGrayLevelEmphasis_5%,0.30878496966834723,-1
original_firstorder_Maximum_mean,0.30613270960607836,1
original_gldm_SmallDependenceHighGrayLevelEmphasis_max,0.3058329381098278,-1
original_glcm_Idmn_max,0.305417805916126,1
original_glcm_MCC_min,0.30350003016208765,1
original_firstorder_Variance_std,0.30090541383658653,-1
original_glcm_Autocorrelation_95%,0.29955568245949493,1
original_glcm_InverseVariance_min,0.29906142959802373,-1
original_glcm_ClusterTendency_max,0.2966602878706111,-1
original_firstorder_RootMeanSquared_50%,0.2960834528255672,1
original_glszm_SmallAreaLowGrayLevelEmphasis_std,0.2947614802090521,1
original_glcm_ClusterTendency_min,0.29378905147870765,-1
original_glrlm_ShortRunHighGrayLevelEmphasis_std,0.29289722103934274,-1
original_glszm_SmallAreaHighGrayLevelEmphasis_std,0.2926885884054548,-1
original_glcm_ClusterProminence_min,0.2922129714267778,-1
original_ngtdm_Coarseness_mean,0.29200362060053714,-1
diagnostics_Mask-original_VolumeNum_max,0.29110641583152275,1
original_glrlm_HighGrayLevelRunEmphasis_95%,0.2906765315818052,1
original_glszm_HighGrayLevelZoneEmphasis_95%,0.2904765323806253,1
original_gldm_LargeDependenceLowGrayLevelEmphasis_min,0.29011161015950254,-1
original_gldm_GrayLevelNonUniformity_5%,0.2896273755735001,-1
original_gldm_GrayLevelVariance_std,0.28791626973187556,-1
original_glszm_ZonePercentage_95%,0.28704382800407,1
original_gldm_DependenceEntropy_50%,0.28685172750625354,-1
original_gldm_DependenceVariance_min,0.2838191637788917,1
original_glszm_LargeAreaHighGrayLevelEmphasis_std,0.2811551402730956,-1
original_glrlm_LongRunHighGrayLevelEmphasis_std,0.2811372947763096,-1
original_glrlm_ShortRunHighGrayLevelEmphasis_50%,0.28052254956540323,1
original_shape2D_Perimeter_min,0.28012439444070636,-1
original_glrlm_RunPercentage_95%,0.27972287653357336,1
original_glszm_SmallAreaHighGrayLevelEmphasis_50%,0.2790255623577863,1
original_glcm_ClusterProminence_95%,0.2786560639808967,-1
original_glcm_JointEntropy_95%,0.27767868530985185,1
original_gldm_LowGrayLevelEmphasis_min,0.27392109119854746,-1
original_shape2D_Perimeter_50%,0.27382234269601263,1
original_ngtdm_Complexity_5%,0.27186887256151443,-1
original_glcm_ClusterShade_95%,0.27165667271393984,-1
original_glcm_ClusterTendency_std,0.2716464515137593,-1
original_glcm_SumSquares_min,0.2701106309402754,-1
original_firstorder_Median_5%,0.26938828227181605,-1
original_shape2D_MeshSurface_max,0.26797138559951816,-1
diagnostics_Mask-original_VoxelNum_max,0.2676916019099005,-1
original_shape2D_PixelSurface_max,0.2676916019099005,-1
original_glcm_DifferenceAverage_95%,0.2675709180224299,-1
original_glrlm_GrayLevelNonUniformity_mean,0.2671227660400975,1
original_firstorder_Kurtosis_95%,0.2659283884927591,-1
original_glszm_GrayLevelNonUniformity_mean,0.265285795522486,1
original_glrlm_ShortRunLowGrayLevelEmphasis_std,0.2640307366204853,1
original_gldm_DependenceNonUniformity_mean,0.26329804188710537,1
original_gldm_SmallDependenceEmphasis_50%,0.2618485940517164,-1
original_firstorder_Energy_95%,0.2614992228785502,1
original_firstorder_TotalEnergy_95%,0.2614992228785502,1
original_gldm_HighGrayLevelEmphasis_min,0.2614126743203975,-1
original_shape2D_MinorAxisLength_5%,0.26141224963528337,-1
original_glcm_SumSquares_std,0.2602353629917267,-1
original_gldm_DependenceNonUniformity_min,0.2591794995388289,1
original_glcm_Imc2_50%,0.2581871655151532,1
original_glcm_JointAverage_95%,0.25805877105249125,1
original_glcm_SumAverage_95%,0.2580587710520163,1
original_gldm_SmallDependenceEmphasis_5%,0.25678769231487814,-1
original_glcm_Correlation_95%,0.25563309244851545,1
original_gldm_SmallDependenceHighGrayLevelEmphasis_min,0.25473659848562236,-1
original_ngtdm_Complexity_min,0.25369130919798355,-1
original_gldm_LowGrayLevelEmphasis_max,0.252545701616566,1
original_ngtdm_Contrast_50%,0.2516459317119433,1
original_firstorder_Variance_50%,0.25063390647004025,1
original_glcm_Autocorrelation_5%,0.2502429728230409,1
original_ngtdm_Complexity_max,0.2485854330438699,1
original_gldm_SmallDependenceLowGrayLevelEmphasis_50%,0.24827111444968017,-1
original_firstorder_Kurtosis_min,0.24763431170380254,1
original_glcm_InverseVariance_mean,0.24699671573818943,-1
original_glcm_Correlation_std,0.24658345721918234,-1
original_glszm_GrayLevelNonUniformityNormalized_95%,0.24365023988300727,-1
original_glrlm_GrayLevelNonUniformityNormalized_95%,0.24308882016215594,-1
original_gldm_LargeDependenceHighGrayLevelEmphasis_mean,0.24303879624059774,-1
original_glrlm_RunVariance_5%,0.24251141896802345,-1
original_glszm_ZoneVariance_5%,0.24251141896802345,-1
original_shape2D_MajorAxisLength_min,0.24027499681352846,1
original_firstorder_Entropy_5%,0.23936313688086197,1
original_glrlm_LongRunEmphasis_min,0.23766046607971983,-1
original_glszm_LargeAreaEmphasis_min,0.23766046607971983,-1
original_firstorder_Entropy_std,0.2373552697651365,1
original_firstorder_InterquartileRange_min,0.23715508639686744,-1
original_gldm_SmallDependenceHighGrayLevelEmphasis_5%,0.23435000358760674,-1
original_gldm_DependenceVariance_50%,0.23406219347305535,1
original_firstorder_10Percentile_std,0.2338099953111291,1
original_gldm_DependenceNonUniformity_50%,0.23335674558725075,-1
original_firstorder_Minimum_95%,0.2310609426395199,1
original_glszm_SizeZoneNonUniformityNormalized_min,0.22714724006452383,-1
original_glrlm_RunLengthNonUniformityNormalized_min,0.22714724006452253,-1
original_glcm_Id_5%,0.2265561309119706,1
original_shape2D_Sphericity_5%,0.22648116955977476,-1
original_glcm_Imc2_std,0.22491926934020456,1
original_gldm_LargeDependenceLowGrayLevelEmphasis_std,0.2244415746584768,1
original_shape2D_Elongation_50%,0.22422014539944005,-1
original_glcm_JointEnergy_5%,0.22367721872656815,-1
original_gldm_DependenceVariance_95%,0.22282120900217237,1
original_glcm_Imc1_max,0.22223913302493017,1
original_glrlm_GrayLevelNonUniformityNormalized_max,0.22192799881568934,-1
original_glszm_GrayLevelNonUniformityNormalized_max,0.22192799881568934,-1
original_glrlm_RunEntropy_max,0.2206359496241095,1
original_glszm_ZoneEntropy_max,0.2206359496241095,1
original_firstorder_Range_max,0.21986355355065512,1
original_glszm_SizeZoneNonUniformityNormalized_max,0.21897634161532872,-1
original_glrlm_RunLengthNonUniformityNormalized_max,0.21897634161532872,-1
original_gldm_LargeDependenceHighGrayLevelEmphasis_max,0.21844233951602418,-1
original_glrlm_GrayLevelVariance_50%,0.2152590020763762,1
original_ngtdm_Complexity_mean,0.21513985456786627,1
original_glszm_GrayLevelVariance_50%,0.21500116092501245,1
original_firstorder_Energy_min,0.21470598136207872,-1
original_firstorder_TotalEnergy_min,0.21470598136207872,-1
original_gldm_LowGrayLevelEmphasis_std,0.2144187093480844,1
original_firstorder_Energy_std,0.21213703030778788,1
original_firstorder_TotalEnergy_std,0.21213703030778788,1
original_glcm_JointEntropy_min,0.21186252940623748,-1
original_shape2D_MaximumDiameter_min,0.2115394480738898,-1
original_glrlm_ShortRunLowGrayLevelEmphasis_50%,0.2112924148821649,-1
original_glszm_SmallAreaLowGrayLevelEmphasis_50%,0.20969230131736172,-1
original_firstorder_Median_95%,0.2089219852207346,-1
original_glcm_Contrast_min,0.20399635010292763,-1
original_firstorder_RobustMeanAbsoluteDeviation_std,0.20368055649048153,1
original_firstorder_Skewness_5%,0.20342855618576125,-1
original_glcm_DifferenceEntropy_std,0.20341260369590752,-1
original_glcm_Contrast_std,0.20012259712123437,-1
original_glcm_Id_max,0.20008062460657766,-1
original_ngtdm_Complexity_std,0.1997874250085188,-1
original_firstorder_Maximum_50%,0.19900187096937058,1
original_glcm_DifferenceEntropy_50%,0.1978781078854455,-1
original_glrlm_RunLengthNonUniformity_mean,0.19754949154483584,1
original_firstorder_TotalEnergy_mean,0.19741908726939253,1
original_firstorder_Energy_mean,0.19741908726939253,1
original_shape2D_MinorAxisLength_min,0.19716092832212892,1
original_shape2D_PerimeterSurfaceRatio_std,0.19668135161061623,1
original_glrlm_GrayLevelNonUniformityNormalized_min,0.19611069751492802,1
original_glszm_GrayLevelNonUniformityNormalized_min,0.19611069751492802,1
original_glszm_SizeZoneNonUniformity_mean,0.19605966381230389,1
original_glrlm_LowGrayLevelRunEmphasis_max,0.1956596534886929,1
original_glszm_LowGrayLevelZoneEmphasis_max,0.1956596534886929,1
original_gldm_DependenceNonUniformityNormalized_5%,0.19478804003825034,1
original_glrlm_RunVariance_50%,0.19373163241488475,-1
original_glszm_ZoneVariance_50%,0.19373163241488475,-1
original_firstorder_RootMeanSquared_min,0.19251246992790075,1
original_firstorder_MeanAbsoluteDeviation_std,0.1923641413555922,1
original_gldm_GrayLevelVariance_50%,0.19179829632356635,1
original_shape2D_Perimeter_std,0.19069336249688865,1
original_firstorder_Minimum_std,0.19034332363421905,1
original_ngtdm_Contrast_min,0.18892112518667972,-1
original_glcm_ClusterTendency_50%,0.18836337807359338,1
original_shape2D_MinorAxisLength_mean,0.18811020253386365,1
original_shape2D_MajorAxisLength_max,0.1863505004354506,1
original_glcm_Idm_5%,0.18596550064697784,1
original_gldm_LargeDependenceHighGrayLevelEmphasis_95%,0.18581578604433915,-1
original_glcm_JointEntropy_50%,0.18526874938119725,-1
original_glcm_JointEnergy_max,0.1838311746414462,1
original_gldm_DependenceVariance_5%,0.1819268285569702,-1
original_glcm_Idmn_5%,0.18053806402659126,-1
original_glszm_LargeAreaEmphasis_95%,0.18001544531089406,-1
original_glrlm_LongRunEmphasis_95%,0.1798871416287778,-1
original_shape2D_Elongation_std,0.17862957588389566,-1
original_ngtdm_Contrast_std,0.17790620036984686,-1
original_gldm_DependenceVariance_mean,0.1775171690224185,1
original_gldm_SmallDependenceEmphasis_std,0.17701816787061042,1
diagnostics_Mask-original_VoxelNum_95%,0.1768816266986141,1
original_shape2D_PixelSurface_95%,0.1768816266986141,1
original_glcm_Imc1_mean,0.1765509199646185,-1
original_shape2D_MeshSurface_95%,0.1763798108033262,1
original_glrlm_RunLengthNonUniformityNormalized_50%,0.17623477048721412,-1
original_gldm_LargeDependenceEmphasis_min,0.17476446336059862,-1
original_glcm_Autocorrelation_min,0.17473958852011753,1
original_glszm_SizeZoneNonUniformityNormalized_50%,0.174708098717072,-1
original_glcm_InverseVariance_5%,0.17397939765207837,-1
original_gldm_GrayLevelVariance_max,0.1733784953719307,-1
original_gldm_DependenceNonUniformity_95%,0.17199955100225436,1
original_firstorder_Mean_50%,0.1713383622040765,1
original_glszm_ZoneEntropy_min,0.17121382355937056,-1
original_firstorder_Maximum_std,0.17101304061748987,-1
original_gldm_GrayLevelVariance_95%,0.16963639339179515,-1
original_glszm_ZonePercentage_std,0.168478027948411,1
original_glcm_SumEntropy_50%,0.16813272368689938,-1
original_firstorder_MeanAbsoluteDeviation_min,0.16687823424529935,1
original_glcm_Idmn_50%,0.16671205592672714,1
original_firstorder_Entropy_max,0.16526509357525773,-1
original_glrlm_RunPercentage_std,0.1649203980371157,1
original_firstorder_90Percentile_mean,0.16452924684694176,1
original_ngtdm_Strength_5%,0.1630736944029715,-1
original_glcm_ClusterShade_50%,0.16290208309473983,1
original_gldm_HighGrayLevelEmphasis_5%,0.1616901489735097,1
original_gldm_SmallDependenceLowGrayLevelEmphasis_max,0.16161968719764885,1
original_glcm_Correlation_50%,0.16147761388813095,-1
original_glcm_InverseVariance_max,0.1600345239826088,1
original_ngtdm_Busyness_50%,0.15932919125840408,-1
original_glszm_GrayLevelNonUniformityNormalized_50%,0.15831967182332896,1
original_glrlm_GrayLevelNonUniformityNormalized_50%,0.15793218746205082,1
original_gldm_LargeDependenceEmphasis_std,0.15777016307277578,1
original_firstorder_90Percentile_std,0.15676280278486227,-1
original_firstorder_InterquartileRange_std,0.15655495723384674,1
diagnostics_Image-original_Maximum_min,0.15654137142868446,1
diagnostics_Image-original_Maximum_5%,0.15654137142868446,1
diagnostics_Image-original_Maximum_mean,0.15654137142868446,1
diagnostics_Image-original_Maximum_95%,0.15654137142868446,1
diagnostics_Image-original_Maximum_50%,0.15654137142868446,1
diagnostics_Image-original_Maximum_max,0.15654137142868446,1
original_glcm_MaximumProbability_95%,0.15499670480003155,-1
original_firstorder_Entropy_95%,0.15484363890787603,1
original_glcm_SumSquares_50%,0.15480195153739784,1
original_firstorder_Minimum_50%,0.15340799783115883,-1
original_glcm_JointEnergy_min,0.1528221718569646,-1
original_shape2D_PerimeterSurfaceRatio_95%,0.15277325523059632,-1
original_ngtdm_Busyness_5%,0.15253713232735608,1
original_firstorder_10Percentile_50%,0.15200256383224892,-1
original_glcm_MCC_std,0.15130722654083348,1
original_gldm_GrayLevelNonUniformity_mean,0.15052415712587777,1
original_glrlm_RunPercentage_min,0.1490473723387402,1
original_glszm_ZonePercentage_min,0.1490473723387402,1
original_gldm_SmallDependenceHighGrayLevelEmphasis_50%,0.14862023627437648,1
original_glszm_SizeZoneNonUniformity_std,0.1480725149826579,1
original_glcm_Idn_mean,0.14800336990402704,1
original_firstorder_TotalEnergy_max,0.14782166563627389,-1
original_firstorder_Energy_max,0.14782166563627389,-1
original_gldm_SmallDependenceHighGrayLevelEmphasis_95%,0.14780083170518227,-1
original_glrlm_RunLengthNonUniformity_std,0.1476617966010157,1
original_glrlm_ShortRunHighGrayLevelEmphasis_mean,0.14761673352504653,1
original_glszm_SmallAreaHighGrayLevelEmphasis_mean,0.14651037718930515,1
original_glrlm_RunPercentage_max,0.14583343831557805,1
original_glszm_ZonePercentage_max,0.14583343831557805,1
original_glszm_SizeZoneNonUniformity_50%,0.14574909138407482,-1
original_firstorder_Skewness_std,0.1456749307410053,-1
original_glrlm_LowGrayLevelRunEmphasis_5%,0.14556203875075682,-1
original_glszm_LowGrayLevelZoneEmphasis_5%,0.14533659666038456,-1
original_glcm_ClusterTendency_95%,0.14506920422199873,-1
original_glrlm_RunLengthNonUniformity_50%,0.14386056014853846,-1
original_glrlm_ShortRunEmphasis_50%,0.14360796392520436,-1
original_ngtdm_Coarseness_5%,0.14349386012011572,1
original_glcm_JointEnergy_std,0.14324905185769699,-1
original_glszm_SmallAreaEmphasis_50%,0.1429120854671743,-1
original_shape2D_MajorAxisLength_mean,0.1403198986965901,1
original_gldm_SmallDependenceEmphasis_min,0.13921440653525557,-1
original_gldm_LowGrayLevelEmphasis_5%,0.13876632464650454,-1
original_gldm_LargeDependenceEmphasis_50%,0.13869114571735486,1
original_gldm_SmallDependenceLowGrayLevelEmphasis_mean,0.138048881970091,-1
original_glcm_Correlation_mean,0.1376792169209329,-1
original_firstorder_Entropy_min,0.137399825675073,1
original_firstorder_RobustMeanAbsoluteDeviation_max,0.13679916695968325,1
original_firstorder_RobustMeanAbsoluteDeviation_95%,0.1344463499056065,1
original_gldm_LargeDependenceEmphasis_max,0.13261224194946175,-1
original_glcm_JointEnergy_50%,0.13122455988990456,1
original_gldm_LargeDependenceLowGrayLevelEmphasis_5%,0.12901161000455455,1
original_glcm_Idn_50%,0.12886010450043184,1
original_glszm_LargeAreaEmphasis_std,0.1282900865998333,-1
original_glcm_Idm_max,0.12823461462034325,-1
original_glrlm_LongRunEmphasis_std,0.1280988283748693,-1
original_shape2D_Sphericity_95%,0.12791440648773117,1
original_glszm_SmallAreaHighGrayLevelEmphasis_5%,0.12731893797417648,-1
original_glrlm_ShortRunHighGrayLevelEmphasis_5%,0.12653222251636795,-1
original_glszm_SmallAreaEmphasis_min,0.12494790872050116,1
original_glrlm_ShortRunEmphasis_min,0.12494790872050116,1
original_glcm_SumEntropy_max,0.12145638863327328,1
original_gldm_DependenceNonUniformityNormalized_std,0.12101596538581584,-1
original_gldm_SmallDependenceLowGrayLevelEmphasis_min,0.12073194746455876,-1
original_gldm_LargeDependenceEmphasis_mean,0.12070676954286483,1
original_gldm_LargeDependenceLowGrayLevelEmphasis_mean,0.12007609733559578,1
original_gldm_GrayLevelNonUniformity_50%,0.11812613630547705,-1
original_glcm_SumAverage_min,0.11725138209957234,1
original_glcm_JointAverage_min,0.11725138209778559,1
original_shape2D_MeshSurface_50%,0.11710876857118341,-1
original_glrlm_RunPercentage_50%,0.11673118250204582,-1
original_glszm_GrayLevelNonUniformity_50%,0.11649249488478375,-1
diagnostics_Mask-original_VoxelNum_50%,0.11642839371294103,-1
original_shape2D_PixelSurface_50%,0.11642839371294103,-1
original_shape2D_MeshSurface_5%,0.11617932096214226,1
original_glszm_ZonePercentage_50%,0.11576759573945945,-1
original_shape2D_Elongation_max,0.11514688388967367,-1
original_firstorder_Median_mean,0.11503226126445627,1
original_glcm_Idn_95%,0.11414765012774546,-1
original_glrlm_RunPercentage_mean,0.11405334180515768,-1
original_glcm_Correlation_max,0.11372937857682881,-1
original_glcm_MaximumProbability_mean,0.1134542535124178,1
diagnostics_Mask-original_VoxelNum_5%,0.11286540921448368,1
original_shape2D_PixelSurface_5%,0.11286540921448368,1
original_glrlm_GrayLevelNonUniformity_50%,0.11222141321072279,-1
original_glszm_ZonePercentage_mean,0.11209186462795154,-1
original_firstorder_Variance_95%,0.11059792957819417,1
original_glrlm_ShortRunEmphasis_std,0.11033348753528648,-1
original_gldm_DependenceVariance_std,0.11026486170308372,-1
original_glcm_DifferenceAverage_5%,0.10996153645216857,-1
original_glrlm_LongRunLowGrayLevelEmphasis_std,0.10900459087675687,1
original_glszm_LargeAreaLowGrayLevelEmphasis_std,0.10889160927799348,1
original_glszm_SmallAreaEmphasis_std,0.10872119160192481,-1
original_firstorder_Maximum_95%,0.1082643952210009,1
original_glcm_JointEntropy_std,0.10822133395991407,1
original_shape2D_MeshSurface_min,0.10790927939530451,-1
original_gldm_DependenceNonUniformity_5%,0.10733587776384325,-1
original_shape2D_Perimeter_max,0.10707062025312392,1
original_firstorder_Mean_95%,0.10660191785921651,1
original_shape2D_Perimeter_mean,0.10647556016035485,1
original_ngtdm_Strength_mean,0.10536766640905078,-1
original_glcm_SumEntropy_std,0.10491350095397453,1
original_firstorder_RootMeanSquared_std,0.10265271986838254,1
original_gldm_DependenceNonUniformityNormalized_mean,0.10249547662386135,-1
original_glszm_SizeZoneNonUniformityNormalized_std,0.1009000499066622,1
original_glcm_JointEnergy_mean,0.10082820980692184,1
original_firstorder_RobustMeanAbsoluteDeviation_50%,0.10068647138984864,-1
original_glcm_Imc2_mean,0.10025325827091536,1
original_gldm_DependenceEntropy_5%,0.10008045910832082,1
original_firstorder_Uniformity_min,0.09914030226099778,-1
original_shape2D_Sphericity_50%,0.0981997877173117,1
original_glcm_SumSquares_95%,0.09796190867058217,-1
original_shape2D_MaximumDiameter_mean,0.09728648119413759,1
original_glszm_SmallAreaLowGrayLevelEmphasis_mean,0.09714475811275718,1
original_glrlm_LongRunEmphasis_50%,0.09494885279136744,1
original_glszm_LargeAreaEmphasis_50%,0.09437845876154952,1
original_glcm_DifferenceAverage_std,0.09325111607594357,-1
original_glszm_LargeAreaLowGrayLevelEmphasis_50%,0.0929239226066507,1
original_glrlm_LongRunLowGrayLevelEmphasis_50%,0.0927640489074247,1
original_firstorder_Minimum_5%,0.09242807363505424,-1
original_glszm_LargeAreaHighGrayLevelEmphasis_max,0.09231265994136427,-1
original_glrlm_LongRunHighGrayLevelEmphasis_max,0.09231265994136427,-1
original_glrlm_RunVariance_min,0.091902786912845,1
original_glszm_ZoneVariance_min,0.091902786912845,1
original_firstorder_Skewness_50%,0.09188009662505756,1
original_glcm_Correlation_min,0.09152262455518445,1
original_firstorder_RobustMeanAbsoluteDeviation_mean,0.0915034670851364,1
original_glszm_LargeAreaLowGrayLevelEmphasis_5%,0.09122311011008281,1
original_glrlm_LongRunLowGrayLevelEmphasis_5%,0.09089200077914504,1
original_gldm_SmallDependenceEmphasis_mean,0.09050550283930553,-1
original_glrlm_ShortRunLowGrayLevelEmphasis_mean,0.0904996695899059,1
original_glrlm_ShortRunLowGrayLevelEmphasis_max,0.0903498902718363,-1
original_glrlm_LongRunHighGrayLevelEmphasis_min,0.0901147880583996,1
original_gldm_LargeDependenceHighGrayLevelEmphasis_50%,0.08948996445593366,-1
original_glcm_Idm_std,0.08947679685510962,1
original_glcm_MCC_5%,0.08908867627690452,-1
original_glcm_InverseVariance_std,0.08886377987973991,-1
original_glszm_SmallAreaLowGrayLevelEmphasis_min,0.08837760269774805,-1
original_glrlm_ShortRunLowGrayLevelEmphasis_min,0.08837760269774805,-1
original_glcm_MaximumProbability_max,0.08805598951753522,-1
original_glcm_Imc2_95%,0.08805548235760687,1
original_glrlm_RunLengthNonUniformityNormalized_std,0.08769024540170896,1
original_firstorder_Mean_mean,0.08747880439107975,1
original_glcm_Imc2_min,0.08680346168675797,-1
diagnostics_Image-original_Minimum_max,0.08547641074503143,1
diagnostics_Image-original_Minimum_50%,0.08547641074503143,1
diagnostics_Image-original_Minimum_min,0.08547641074503143,1
diagnostics_Image-original_Minimum_95%,0.08547641074503143,1
diagnostics_Image-original_Minimum_5%,0.08547641074503143,1
diagnostics_Image-original_Minimum_mean,0.08547641074503143,1
original_gldm_SmallDependenceEmphasis_max,0.08530873169822245,1
original_glrlm_HighGrayLevelRunEmphasis_mean,0.08481023853141575,1
original_firstorder_InterquartileRange_mean,0.08415567563351709,1
original_firstorder_Uniformity_mean,0.0838989163669493,1
original_glszm_HighGrayLevelZoneEmphasis_mean,0.08340824607259108,1
original_glrlm_GrayLevelVariance_max,0.08244348134548461,-1
original_glszm_GrayLevelVariance_max,0.08244348134548461,-1
original_firstorder_RootMeanSquared_5%,0.08222132315511536,1
original_gldm_DependenceNonUniformity_std,0.08152872633378824,1
original_firstorder_10Percentile_max,0.08147119228477955,-1
original_glcm_DifferenceVariance_50%,0.08076321118979206,-1
original_glcm_Idn_min,0.07968381332661441,-1
original_gldm_SmallDependenceLowGrayLevelEmphasis_std,0.07937250677840803,-1
original_firstorder_Variance_5%,0.07932036765414918,1
original_firstorder_Uniformity_95%,0.07925496142269549,-1
original_glrlm_RunLengthNonUniformity_min,0.07779241157888366,1
original_glszm_SizeZoneNonUniformity_min,0.07779241157888366,1
original_firstorder_Minimum_mean,0.07709556470134582,1
original_glcm_InverseVariance_50%,0.07652621672397397,-1
original_firstorder_Maximum_max,0.07637855689845555,-1
original_firstorder_Range_mean,0.07581376469817973,1
original_glcm_DifferenceEntropy_max,0.07296928211404487,1
original_glcm_Correlation_5%,0.07185869039719046,-1
original_glcm_Idmn_mean,0.07144036064863793,1
original_gldm_SmallDependenceHighGrayLevelEmphasis_mean,0.07088475148709639,1
original_ngtdm_Contrast_max,0.07082751579926783,-1
original_firstorder_RootMeanSquared_max,0.07066150356062506,1
original_shape2D_PixelSurface_min,0.06997648541477357,-1
diagnostics_Mask-original_VoxelNum_min,0.06997648541477357,-1
original_firstorder_RootMeanSquared_mean,0.069899743762605,1
original_glcm_Autocorrelation_mean,0.06971137600459056,-1
original_firstorder_Variance_mean,0.06696645552237658,1
original_glcm_DifferenceVariance_5%,0.06671659124933403,-1
original_firstorder_Minimum_min,0.06372245891250161,1
original_gldm_LowGrayLevelEmphasis_mean,0.06131957636654344,1
original_firstorder_Uniformity_std,0.06006667431524718,1
original_glcm_Id_std,0.05907558566346732,1
original_glszm_SmallAreaLowGrayLevelEmphasis_95%,0.058901017711783646,1
original_ngtdm_Strength_max,0.05887834662384248,1
original_glrlm_GrayLevelNonUniformityNormalized_std,0.05703766758481695,-1
original_gldm_DependenceNonUniformityNormalized_95%,0.05691710547721064,-1
original_glrlm_RunLengthNonUniformityNormalized_mean,0.05671883253188688,-1
original_gldm_GrayLevelVariance_5%,0.056504203816606015,1
original_glszm_GrayLevelNonUniformityNormalized_std,0.055850170739555074,-1
original_glrlm_ShortRunLowGrayLevelEmphasis_95%,0.055678911629372815,1
original_ngtdm_Coarseness_min,0.05530669975044062,1
original_glcm_Id_95%,0.05362832932822868,1
original_glszm_SizeZoneNonUniformityNormalized_mean,0.05346212026070719,-1
original_glszm_SmallAreaEmphasis_max,0.05281392018452176,1
original_glrlm_ShortRunEmphasis_max,0.05281392018452176,1
original_firstorder_Mean_max,0.052315544289565655,1
original_shape2D_PerimeterSurfaceRatio_max,0.05217336354173322,-1
original_firstorder_Mean_5%,0.0511111621245942,1
original_ngtdm_Contrast_mean,0.05110895384318697,-1
original_firstorder_Uniformity_50%,0.05101209028872562,1
original_glcm_DifferenceVariance_mean,0.0505925535613318,-1
original_glcm_ClusterTendency_mean,0.05019253811903629,1
original_firstorder_Mean_std,0.04917811462548768,1
original_gldm_GrayLevelVariance_min,0.048762703283452204,-1
original_gldm_DependenceEntropy_std,0.048174541320570426,1
original_firstorder_MeanAbsoluteDeviation_mean,0.0479397748218217,1
original_glszm_LargeAreaHighGrayLevelEmphasis_min,0.047751816574597296,1
original_glcm_DifferenceAverage_50%,0.04762648065745752,-1
original_gldm_GrayLevelVariance_mean,0.04660138048049733,1
original_firstorder_90Percentile_95%,0.04348643436935419,-1
original_glcm_SumSquares_mean,0.043052883603968056,1
original_glcm_Id_mean,0.04274466293008713,1
original_glszm_LowGrayLevelZoneEmphasis_std,0.042522173009252394,1
original_glszm_LargeAreaLowGrayLevelEmphasis_mean,0.04241090495694803,-1
original_glrlm_LongRunLowGrayLevelEmphasis_mean,0.042308118588307984,-1
original_firstorder_Kurtosis_5%,0.04202616941356301,-1
original_glszm_LargeAreaEmphasis_max,0.04169331264614629,1
original_glrlm_LongRunEmphasis_max,0.04169331264614629,1
original_firstorder_Kurtosis_50%,0.041263099327660605,-1
original_firstorder_Range_50%,0.041113049771811225,1
original_glrlm_LowGrayLevelRunEmphasis_std,0.04002901683825986,1
original_shape2D_Sphericity_mean,0.03931743547917276,-1
original_glrlm_GrayLevelVariance_95%,0.038702583948849234,1
original_glszm_GrayLevelVariance_95%,0.0381833060011549,1
original_glrlm_GrayLevelVariance_5%,0.03787240579996,1
original_glcm_Contrast_50%,0.03732306956551051,1
original_ngtdm_Complexity_95%,0.036295478830917466,-1
original_gldm_DependenceNonUniformityNormalized_50%,0.03625855995294388,1
original_glcm_JointEntropy_mean,0.03529113552325541,-1
original_gldm_HighGrayLevelEmphasis_mean,0.03511152611494107,-1
original_firstorder_Variance_min,0.034315986640215866,1
original_glszm_SmallAreaEmphasis_95%,0.03415102939643556,1
original_firstorder_Entropy_mean,0.0341257907483572,1
original_shape2D_Sphericity_std,0.03405610100236264,1
original_firstorder_10Percentile_mean,0.0330345039511499,1
original_glcm_DifferenceEntropy_mean,0.03296323374002116,-1
original_glcm_MaximumProbability_50%,0.03281317287136836,1
original_glcm_JointAverage_mean,0.031352456789922156,-1
original_glcm_SumAverage_mean,0.03135245678986481,-1
original_firstorder_Variance_max,0.03061658364030334,-1
original_glrlm_ShortRunEmphasis_95%,0.029460826670117908,1
original_glcm_DifferenceAverage_min,0.02924060021650775,-1
original_glrlm_LongRunLowGrayLevelEmphasis_95%,0.028894298196915608,1
original_glszm_LargeAreaLowGrayLevelEmphasis_95%,0.02887931696605397,1
original_glcm_InverseVariance_95%,0.028848173160589474,-1
original_firstorder_Median_max,0.02810193118435097,1
original_glszm_GrayLevelVariance_5%,0.027431165714085284,1
original_firstorder_Entropy_50%,0.026292148016647355,-1
original_glszm_ZoneEntropy_50%,0.026178850058926544,1
original_glrlm_RunEntropy_50%,0.026178850058926544,1
original_ngtdm_Busyness_min,0.025358829860135865,-1
original_gldm_SmallDependenceEmphasis_95%,0.024685642297114868,-1
original_glszm_SmallAreaHighGrayLevelEmphasis_max,0.02431108305982332,-1
original_glrlm_ShortRunHighGrayLevelEmphasis_max,0.02431108305982332,-1
original_firstorder_RootMeanSquared_95%,0.0241850926618289,1
original_glcm_SumEntropy_95%,0.023297888347667797,1
original_glszm_LowGrayLevelZoneEmphasis_50%,0.02254569139482715,1
original_glcm_Id_50%,0.022367041568986713,1
original_glrlm_LowGrayLevelRunEmphasis_50%,0.021969697953046197,1
original_glrlm_RunEntropy_mean,0.021189148173041454,-1
original_glszm_LargeAreaEmphasis_mean,0.020964627250541636,-1
original_glcm_Idn_5%,0.020873098717832845,-1
original_glcm_ClusterShade_5%,0.020695726359535736,1
original_glcm_Autocorrelation_50%,0.02069210091338062,1
original_glrlm_LongRunEmphasis_mean,0.02064915189721139,-1
original_firstorder_MeanAbsoluteDeviation_50%,0.020319619830235766,1
original_glrlm_HighGrayLevelRunEmphasis_max,0.020047593253855675,-1
original_glszm_HighGrayLevelZoneEmphasis_max,0.020047593253855675,-1
original_glcm_MaximumProbability_std,0.019428444814785464,-1
original_glszm_ZoneEntropy_mean,0.019252486586615287,-1
original_glszm_SmallAreaLowGrayLevelEmphasis_max,0.019106899703195436,-1
original_glszm_SmallAreaEmphasis_mean,0.018900716369787164,1
original_glcm_ClusterShade_min,0.018641088278895542,1
original_glcm_SumSquares_5%,0.018222678002881805,1
original_glrlm_ShortRunEmphasis_mean,0.017451321813200152,1
original_glcm_Idm_mean,0.01734168554927578,1
original_firstorder_Median_std,0.016669742975802447,-1
original_gldm_LargeDependenceLowGrayLevelEmphasis_50%,0.016112012399516647,-1
original_glszm_ZoneVariance_std,0.015834169210876232,1
original_glrlm_RunVariance_std,0.015834169210876232,1
original_glcm_DifferenceEntropy_5%,0.015565133507799886,1
original_glcm_DifferenceEntropy_95%,0.015482706165708005,1
original_glcm_Idm_50%,0.01528565313839404,1
original_glcm_JointAverage_5%,0.014974534312392023,1
original_glcm_SumAverage_5%,0.014974534312388798,1
original_glcm_MCC_max,0.01497074112219633,1
original_glszm_SmallAreaHighGrayLevelEmphasis_min,0.014885528527165737,-1
original_glrlm_ShortRunHighGrayLevelEmphasis_min,0.014885528527165737,-1
original_glcm_JointAverage_50%,0.01432132975083543,-1
original_glcm_SumAverage_50%,0.01432132975041531,-1
original_gldm_GrayLevelNonUniformity_std,0.01244051950549862,-1
original_gldm_HighGrayLevelEmphasis_50%,0.01225322219991924,-1
original_glcm_MCC_mean,0.011823030020119486,1
original_glszm_HighGrayLevelZoneEmphasis_50%,0.009948466528170727,0
original_glszm_LowGrayLevelZoneEmphasis_mean,0.00970125837347218,0
original_glcm_Idmn_95%,0.009144955286412935,0
original_glcm_Contrast_mean,0.0090451673940919,0
original_glcm_Idmn_min,0.008889211572498357,0
original_glrlm_ShortRunHighGrayLevelEmphasis_95%,0.008466375378812103,0
original_glcm_SumEntropy_mean,0.008450255072997806,0
original_glrlm_HighGrayLevelRunEmphasis_50%,0.008440247093908318,0
original_glrlm_LowGrayLevelRunEmphasis_mean,0.008182196567107227,0
original_glszm_SmallAreaHighGrayLevelEmphasis_95%,0.008100240510422461,0
original_glrlm_RunLengthNonUniformityNormalized_95%,0.007930419160051392,0
original_glcm_ClusterShade_mean,0.0075528688406085835,0
original_firstorder_InterquartileRange_50%,0.007536373445170792,0
original_glrlm_GrayLevelVariance_min,0.007207807500489309,0
original_glszm_GrayLevelVariance_min,0.007207807500489309,0
original_gldm_DependenceEntropy_mean,0.006274382830426163,0
original_glrlm_RunLengthNonUniformity_5%,0.00604602767560522,0
original_glszm_SizeZoneNonUniformity_5%,0.00601282937306039,0
original_firstorder_Skewness_mean,0.005184317993847578,0
original_glcm_ClusterShade_max,0.004575616477610154,0
original_firstorder_MeanAbsoluteDeviation_max,0.004574005089001212,0
original_glszm_GrayLevelNonUniformityNormalized_mean,0.004152886212424334,0
original_glrlm_RunVariance_max,0.004122948288981866,0
original_glszm_ZoneVariance_max,0.004122948288981866,0
original_glszm_SizeZoneNonUniformityNormalized_95%,0.00407906016736637,0
original_glcm_MCC_50%,0.0036105072895368743,0
original_glszm_SizeZoneNonUniformityNormalized_5%,0.003572858740710117,0
original_glrlm_RunLengthNonUniformityNormalized_5%,0.0032562022338269887,0
original_glrlm_GrayLevelNonUniformityNormalized_mean,0.003086467572569602,0
original_gldm_LowGrayLevelEmphasis_50%,0.0017057717342358026,0
original_glcm_Idm_95%,0.0009950512092036128,0
original_gldm_SmallDependenceLowGrayLevelEmphasis_95%,0.0007320626394297865,0
original_glrlm_GrayLevelVariance_mean,0.0006766024551438843,0
original_gldm_GrayLevelNonUniformity_95%,0.0006590436470856491,0
original_glcm_DifferenceAverage_mean,0.00044250946360736555,0
original_glszm_GrayLevelVariance_mean,0.0003275476131572521,0
original_ngtdm_Coarseness_50%,7.456168406352693e-05,0
diagnostics_Mask-original_VolumeNum_50%,0.0,0
diagnostics_Mask-original_VolumeNum_5%,0.0,0
diagnostics_Mask-original_VolumeNum_min,0.0,0
diagnostics_Image-original_Maximum_std,0.0,0
diagnostics_Image-original_Minimum_std,0.0,0
diagnostics_Mask-original_VolumeNum_95%,0.0,0
